query_id,query,dim,doc_idx,plaintext_score,encrypted_score,abs_score_diff,plaintext_rank,encrypted_rank
1,What is bezoar?,512,0,0.44432759284973145,0.4443275729205311,1.992920034554757e-08,3,3
1,What is bezoar?,512,1,0.3697749376296997,0.3697749160134975,2.1616202217078495e-08,34,34
1,What is bezoar?,512,2,0.37830036878585815,0.37830034144242886,2.7343429298554156e-08,30,30
1,What is bezoar?,512,3,0.3642357289791107,0.36423568424724884,4.473186188125311e-08,36,36
1,What is bezoar?,512,4,0.40426164865493774,0.40426165701643835,8.36150060301577e-09,15,15
1,What is bezoar?,512,5,0.41861480474472046,0.41861483433146957,2.9586749106247368e-08,8,8
1,What is bezoar?,512,6,0.4302389323711395,0.4302389273092594,5.06188013726927e-09,4,4
1,What is bezoar?,512,7,0.3886772394180298,0.388677202638834,3.677919580002964e-08,23,23
1,What is bezoar?,512,8,0.3898163139820099,0.3898163202370318,6.255021889334245e-09,21,21
1,What is bezoar?,512,9,0.4297391474246979,0.42973916441164395,1.6986946071995135e-08,5,5
1,What is bezoar?,512,10,0.3786638379096985,0.3786638443387617,6.429063226232046e-09,29,29
1,What is bezoar?,512,11,0.4630758762359619,0.4630758341740221,4.206193982003725e-08,1,1
1,What is bezoar?,512,12,0.38315558433532715,0.3831555429067715,4.142855564159831e-08,27,27
1,What is bezoar?,512,13,0.4542655944824219,0.4542655499194154,4.4563006451614484e-08,2,2
1,What is bezoar?,512,14,0.37871941924095154,0.3787194263300645,7.0891129633210426e-09,28,28
1,What is bezoar?,512,15,0.3988262712955475,0.3988262338780177,3.7417529796801574e-08,17,17
1,What is bezoar?,512,16,0.4267783761024475,0.426778331860745,4.4241702523706294e-08,6,6
1,What is bezoar?,512,17,0.37030813097953796,0.3703080658275366,6.515200134948884e-08,33,33
1,What is bezoar?,512,18,0.3895673453807831,0.3895673563955477,1.1014764600414395e-08,22,22
1,What is bezoar?,512,19,0.4080425202846527,0.4080425058629927,1.4421660032848393e-08,13,13
1,What is bezoar?,512,20,0.3878742754459381,0.38787425244488366,2.300105444996703e-08,24,24
1,What is bezoar?,512,21,0.4042847156524658,0.4042846931780258,2.2474440031228227e-08,14,14
1,What is bezoar?,512,22,0.3573285639286041,0.3573285413411079,2.2587496206760704e-08,38,38
1,What is bezoar?,512,23,0.3903096318244934,0.39030956814398077,6.368051264082908e-08,20,20
1,What is bezoar?,512,24,0.3595620393753052,0.3595620162168015,2.315850367029526e-08,37,37
1,What is bezoar?,512,25,0.3973352909088135,0.3973352936716429,2.7628294096970762e-09,18,18
1,What is bezoar?,512,26,0.35413968563079834,0.35413967914811717,6.4826811696505615e-09,39,39
1,What is bezoar?,512,27,0.3674718141555786,0.36747178419334264,2.9962235970071305e-08,35,35
1,What is bezoar?,512,28,0.37425702810287476,0.3742569973343657,3.076850907390849e-08,31,31
1,What is bezoar?,512,29,0.40086787939071655,0.4008679128232503,3.343253374143984e-08,16,16
1,What is bezoar?,512,30,0.4184735119342804,0.41847355925439017,4.7320109775039754e-08,9,9
1,What is bezoar?,512,31,0.3852628469467163,0.3852628001627498,4.67839665341252e-08,26,26
1,What is bezoar?,512,32,0.3511955142021179,0.351195514365125,1.6300710781180783e-10,40,40
1,What is bezoar?,512,33,0.39152538776397705,0.39152536392331033,2.384066671856644e-08,19,19
1,What is bezoar?,512,34,0.386079877614975,0.3860798547197428,2.28952321545961e-08,25,25
1,What is bezoar?,512,35,0.3367837369441986,0.3367837393883443,2.4441457191493043e-09,44,44
1,What is bezoar?,512,36,0.33881959319114685,0.338819579822876,1.3368270823654882e-08,43,43
1,What is bezoar?,512,37,0.33463215827941895,0.33463215242758315,5.851835793713178e-09,45,45
1,What is bezoar?,512,38,0.41406670212745667,0.41406668896663384,1.3160822820434959e-08,11,11
1,What is bezoar?,512,39,0.4245794713497162,0.42457945990961143,1.1440104752402647e-08,7,7
1,What is bezoar?,512,40,0.3403772711753845,0.3403772591265278,1.204885674566114e-08,42,42
1,What is bezoar?,512,41,0.32677051424980164,0.3267705271445099,1.2894708245614339e-08,46,46
1,What is bezoar?,512,42,0.4167766571044922,0.4167766504305376,6.673954611180477e-09,10,10
1,What is bezoar?,512,43,0.4117905795574188,0.41179061030007846,3.074265964020384e-08,12,12
1,What is bezoar?,512,44,0.3445533514022827,0.3445533489552218,2.447060887256214e-09,41,41
1,What is bezoar?,512,45,0.3715391159057617,0.3715391055999757,1.0305786002362538e-08,32,32
2,Who was the first cat sent into space?,512,0,0.5927225351333618,0.5927226294925136,9.435915182542942e-08,29,29
2,Who was the first cat sent into space?,512,1,0.5881384611129761,0.5881384732602072,1.214723110987137e-08,31,31
2,Who was the first cat sent into space?,512,2,0.6862714290618896,0.6862714488356482,1.9773758519470164e-08,4,4
2,Who was the first cat sent into space?,512,3,0.5819328427314758,0.5819328534068641,1.0675388240066752e-08,32,32
2,Who was the first cat sent into space?,512,4,0.801101565361023,0.8011015374711222,2.7889900722222194e-08,1,1
2,Who was the first cat sent into space?,512,5,0.5715510845184326,0.5715510834502262,1.0682064122136126e-09,37,37
2,Who was the first cat sent into space?,512,6,0.645911693572998,0.6459116281713164,6.540168162594284e-08,9,9
2,Who was the first cat sent into space?,512,7,0.6394253969192505,0.6394253776068217,1.9312428767293e-08,12,12
2,Who was the first cat sent into space?,512,8,0.6421713829040527,0.64217134258062,4.0323432703992523e-08,11,11
2,Who was the first cat sent into space?,512,9,0.6514146327972412,0.6514146063952443,2.640199692205414e-08,8,8
2,Who was the first cat sent into space?,512,10,0.6609439253807068,0.6609439872995254,6.191881862793736e-08,7,7
2,Who was the first cat sent into space?,512,11,0.6366742849349976,0.6366742650674653,1.98675322859998e-08,14,14
2,Who was the first cat sent into space?,512,12,0.5579147934913635,0.5579148278833924,3.4392028891439e-08,40,40
2,Who was the first cat sent into space?,512,13,0.639112114906311,0.6391120533538754,6.155243559291534e-08,13,13
2,Who was the first cat sent into space?,512,14,0.6070415377616882,0.607041571415712,3.365402378996407e-08,23,23
2,Who was the first cat sent into space?,512,15,0.610852062702179,0.610852066742035,4.0398560052778976e-09,21,21
2,Who was the first cat sent into space?,512,16,0.5764207243919373,0.5764207284133125,4.021375232809987e-09,34,34
2,Who was the first cat sent into space?,512,17,0.7224187254905701,0.722418711656823,1.3833747036784416e-08,2,2
2,Who was the first cat sent into space?,512,18,0.6015986204147339,0.6015986496162019,2.920146802143364e-08,26,26
2,Who was the first cat sent into space?,512,19,0.5643149018287659,0.5643148871170738,1.4711692086777362e-08,39,39
2,Who was the first cat sent into space?,512,20,0.6276347637176514,0.6276347851500256,2.1432374208707472e-08,15,15
2,Who was the first cat sent into space?,512,21,0.6240053772926331,0.6240052943637523,8.292888076244509e-08,16,16
2,Who was the first cat sent into space?,512,22,0.6185124516487122,0.6185123959491454,5.569956673667775e-08,19,19
2,Who was the first cat sent into space?,512,23,0.6826760172843933,0.6826759630207172,5.426367610805727e-08,5,5
2,Who was the first cat sent into space?,512,24,0.6637438535690308,0.663743857825405,4.256374253053252e-09,6,6
2,Who was the first cat sent into space?,512,25,0.552278459072113,0.5522784503721017,8.700011377982264e-09,43,43
2,Who was the first cat sent into space?,512,26,0.6105245351791382,0.6105245333464607,1.8326774542387625e-09,22,22
2,Who was the first cat sent into space?,512,27,0.6040306091308594,0.6040306300044743,2.0873614947625185e-08,24,24
2,Who was the first cat sent into space?,512,28,0.6016175746917725,0.6016175227841254,5.1907647069526774e-08,25,25
2,Who was the first cat sent into space?,512,29,0.7123481035232544,0.7123481511007804,4.757752603001819e-08,3,3
2,Who was the first cat sent into space?,512,30,0.6172680854797363,0.6172679824980079,1.0298172847811315e-07,20,20
2,Who was the first cat sent into space?,512,31,0.5933282375335693,0.5933282782796274,4.074605808312981e-08,27,27
2,Who was the first cat sent into space?,512,32,0.5758730173110962,0.5758729776818421,3.9629254100503886e-08,35,35
2,Who was the first cat sent into space?,512,33,0.5562307834625244,0.5562307329875281,5.047499629373675e-08,42,42
2,Who was the first cat sent into space?,512,34,0.6205301284790039,0.6205300760368208,5.244218315159088e-08,17,17
2,Who was the first cat sent into space?,512,35,0.5924357771873474,0.5924356960804222,8.110692517604434e-08,30,30
2,Who was the first cat sent into space?,512,36,0.5084283947944641,0.5084283976650973,2.8706331756112036e-09,46,46
2,Who was the first cat sent into space?,512,37,0.5460363030433655,0.5460363397722584,3.6728892927051504e-08,44,44
2,Who was the first cat sent into space?,512,38,0.5569664835929871,0.5569664366173371,4.697564992550696e-08,41,41
2,Who was the first cat sent into space?,512,39,0.5652762055397034,0.5652761953842588,1.015544459637141e-08,38,38
2,Who was the first cat sent into space?,512,40,0.578674852848053,0.5786748312950282,2.1553024809328747e-08,33,33
2,Who was the first cat sent into space?,512,41,0.5170430541038513,0.5170430498065879,4.297263433983289e-09,45,45
2,Who was the first cat sent into space?,512,42,0.5747314095497131,0.5747314716453764,6.209566327797233e-08,36,36
2,Who was the first cat sent into space?,512,43,0.6429800987243652,0.6429801345077243,3.5783359053631614e-08,10,10
2,Who was the first cat sent into space?,512,44,0.6192833781242371,0.6192833924751951,1.4350958088549248e-08,18,18
2,Who was the first cat sent into space?,512,45,0.5932297706604004,0.5932298063276813,3.566728090653726e-08,28,28
3,Why can't cats climb down trees head first?,512,0,0.6631758213043213,0.6631758238677763,2.5634550038233783e-09,6,6
3,Why can't cats climb down trees head first?,512,1,0.6877334117889404,0.6877333778731719,3.3915768526959766e-08,4,4
3,Why can't cats climb down trees head first?,512,2,0.5458148121833801,0.5458148265984415,1.4415061366790383e-08,42,42
3,Why can't cats climb down trees head first?,512,3,0.5566074848175049,0.5566075308093552,4.599185032816422e-08,38,38
3,Why can't cats climb down trees head first?,512,4,0.6085762977600098,0.6085762725500694,2.5209940357484584e-08,18,18
3,Why can't cats climb down trees head first?,512,5,0.49828606843948364,0.4982861070027598,3.856327618345645e-08,46,46
3,Why can't cats climb down trees head first?,512,6,0.6371275186538696,0.6371275082190297,1.04348398810572e-08,9,9
3,Why can't cats climb down trees head first?,512,7,0.6981008052825928,0.6981007874288897,1.7853703071502025e-08,2,2
3,Why can't cats climb down trees head first?,512,8,0.5923298597335815,0.5923298305039084,2.922967312635194e-08,22,22
3,Why can't cats climb down trees head first?,512,9,0.5631065964698792,0.5631065431441511,5.3325728055497734e-08,35,35
3,Why can't cats climb down trees head first?,512,10,0.6112450957298279,0.6112450984664576,2.736629700628157e-09,16,16
3,Why can't cats climb down trees head first?,512,11,0.5561163425445557,0.5561163269634696,1.558108608801234e-08,39,39
3,Why can't cats climb down trees head first?,512,12,0.6250482797622681,0.625048351768234,7.200596596756981e-08,11,11
3,Why can't cats climb down trees head first?,512,13,0.5787071585655212,0.5787071162980858,4.226743544055722e-08,29,29
3,Why can't cats climb down trees head first?,512,14,0.6114181876182556,0.6114182291499136,4.1531658001581206e-08,15,15
3,Why can't cats climb down trees head first?,512,15,0.5313760042190552,0.5313759476566764,5.656237878071124e-08,44,44
3,Why can't cats climb down trees head first?,512,16,0.5241031050682068,0.5241031554020202,5.0333813450542664e-08,45,45
3,Why can't cats climb down trees head first?,512,17,0.6336266994476318,0.633626750990079,5.1542447199182106e-08,10,10
3,Why can't cats climb down trees head first?,512,18,0.566385805606842,0.5663858092201565,3.613314425443548e-09,33,33
3,Why can't cats climb down trees head first?,512,19,0.6374155282974243,0.6374155496943413,2.139691701597002e-08,8,8
3,Why can't cats climb down trees head first?,512,20,0.6164951920509338,0.6164951379380713,5.411286252421377e-08,13,13
3,Why can't cats climb down trees head first?,512,21,0.673147976398468,0.6731480078076322,3.1409164158446856e-08,5,5
3,Why can't cats climb down trees head first?,512,22,0.5816735625267029,0.5816736191356542,5.660895130432664e-08,27,27
3,Why can't cats climb down trees head first?,512,23,0.5900644063949585,0.5900645091627241,1.0276776563067358e-07,23,23
3,Why can't cats climb down trees head first?,512,24,0.5867815017700195,0.5867815536881315,5.191811192073459e-08,26,26
3,Why can't cats climb down trees head first?,512,25,0.5713163018226624,0.5713162245904239,7.723223849342986e-08,31,31
3,Why can't cats climb down trees head first?,512,26,0.5885151028633118,0.5885151314553129,2.859200110005844e-08,24,24
3,Why can't cats climb down trees head first?,512,27,0.6171907782554626,0.6171908800936946,1.0183823195841768e-07,12,12
3,Why can't cats climb down trees head first?,512,28,0.5946556925773621,0.5946556417777316,5.079963050214076e-08,19,19
3,Why can't cats climb down trees head first?,512,29,0.5883762240409851,0.5883761663317248,5.77092602593865e-08,25,25
3,Why can't cats climb down trees head first?,512,30,0.6397761106491089,0.6397761720334144,6.138430552748986e-08,7,7
3,Why can't cats climb down trees head first?,512,31,0.6136566996574402,0.613656709015187,9.357746799665279e-09,14,14
3,Why can't cats climb down trees head first?,512,32,0.592768669128418,0.5927686927149731,2.35865551534431e-08,20,20
3,Why can't cats climb down trees head first?,512,33,0.592653214931488,0.5926531858700385,2.906144958014778e-08,21,21
3,Why can't cats climb down trees head first?,512,34,0.7173182964324951,0.7173181966383172,9.979417792127521e-08,1,1
3,Why can't cats climb down trees head first?,512,35,0.5788922905921936,0.5788922914446419,8.524483341432187e-10,28,28
3,Why can't cats climb down trees head first?,512,36,0.6106407046318054,0.6106406488677579,5.576404749074726e-08,17,17
3,Why can't cats climb down trees head first?,512,37,0.5549619197845459,0.5549619422222088,2.2437662949847947e-08,40,40
3,Why can't cats climb down trees head first?,512,38,0.5323781371116638,0.5323781644018786,2.7290214754671638e-08,43,43
3,Why can't cats climb down trees head first?,512,39,0.5517120361328125,0.5517119716907362,6.444207634181964e-08,41,41
3,Why can't cats climb down trees head first?,512,40,0.5634623765945435,0.5634623978560247,2.1261481242262903e-08,34,34
3,Why can't cats climb down trees head first?,512,41,0.5753775238990784,0.5753775588059264,3.490684807871958e-08,30,30
3,Why can't cats climb down trees head first?,512,42,0.5606632828712463,0.5606633155962175,3.272497117734474e-08,37,37
3,Why can't cats climb down trees head first?,512,43,0.5620123147964478,0.5620123363903816,2.1593933863250925e-08,36,36
3,Why can't cats climb down trees head first?,512,44,0.6922420263290405,0.6922420627588587,3.6429818162098115e-08,3,3
3,Why can't cats climb down trees head first?,512,45,0.5711188316345215,0.5711188027344094,2.8900112081231555e-08,32,32
4,How fast can a cat run over a short distance?,512,0,0.6098019480705261,0.6098019440919696,3.9785564842631516e-09,18,18
4,How fast can a cat run over a short distance?,512,1,0.6045604944229126,0.60456047330408,2.1118832571609403e-08,20,20
4,How fast can a cat run over a short distance?,512,2,0.5980597734451294,0.5980598174077647,4.396263530992428e-08,23,23
4,How fast can a cat run over a short distance?,512,3,0.526826798915863,0.5268267665648589,3.2351004097819214e-08,41,41
4,How fast can a cat run over a short distance?,512,4,0.6070454120635986,0.6070453609799339,5.108366474271264e-08,19,19
4,How fast can a cat run over a short distance?,512,5,0.5239424705505371,0.5239424822361277,1.1685590606269614e-08,43,43
4,How fast can a cat run over a short distance?,512,6,0.6944506168365479,0.6944506225723688,5.735820929331226e-09,1,1
4,How fast can a cat run over a short distance?,512,7,0.6733046770095825,0.6733046480656254,2.8943957119942354e-08,4,4
4,How fast can a cat run over a short distance?,512,8,0.604324221611023,0.6043242377003315,1.6089308552125203e-08,21,21
4,How fast can a cat run over a short distance?,512,9,0.5894285440444946,0.5894285989427827,5.4898288026627995e-08,26,26
4,How fast can a cat run over a short distance?,512,10,0.6326596140861511,0.6326595999896055,1.4096545597475085e-08,12,12
4,How fast can a cat run over a short distance?,512,11,0.5498156547546387,0.5498156465548677,8.199770973327247e-09,37,37
4,How fast can a cat run over a short distance?,512,12,0.6396772265434265,0.6396771877399977,3.8803428803468876e-08,11,11
4,How fast can a cat run over a short distance?,512,13,0.550811767578125,0.5508117221765224,4.5401602588590606e-08,36,36
4,How fast can a cat run over a short distance?,512,14,0.6172275543212891,0.6172275502739607,4.047328361345137e-09,16,16
4,How fast can a cat run over a short distance?,512,15,0.559136688709259,0.5591366682676556,2.044160340997081e-08,34,34
4,How fast can a cat run over a short distance?,512,16,0.5049781799316406,0.5049782330409928,5.3109352138314136e-08,46,46
4,How fast can a cat run over a short distance?,512,17,0.6309340596199036,0.6309340989389048,3.9319001277071663e-08,13,13
4,How fast can a cat run over a short distance?,512,18,0.5741773843765259,0.5741774136245701,2.9248044208785018e-08,30,30
4,How fast can a cat run over a short distance?,512,19,0.6249982714653015,0.624998247802875,2.3662426462678354e-08,15,15
4,How fast can a cat run over a short distance?,512,20,0.5945454239845276,0.5945454527851055,2.880057792253865e-08,24,24
4,How fast can a cat run over a short distance?,512,21,0.6100731492042542,0.610073125959426,2.324482817339657e-08,17,17
4,How fast can a cat run over a short distance?,512,22,0.6513028144836426,0.6513028088039149,5.679727688168157e-09,10,10
4,How fast can a cat run over a short distance?,512,23,0.6537381410598755,0.6537380834973139,5.7562561606161466e-08,8,8
4,How fast can a cat run over a short distance?,512,24,0.6536558270454407,0.6536558347183308,7.672890101062535e-09,9,9
4,How fast can a cat run over a short distance?,512,25,0.5562160015106201,0.5562159673459399,3.416468019601382e-08,35,35
4,How fast can a cat run over a short distance?,512,26,0.6780537962913513,0.6780538162555603,1.9964208952671925e-08,3,3
4,How fast can a cat run over a short distance?,512,27,0.6579141616821289,0.6579141521254314,9.55669754443278e-09,6,6
4,How fast can a cat run over a short distance?,512,28,0.5915949940681458,0.5915949554554981,3.861264763482808e-08,25,25
4,How fast can a cat run over a short distance?,512,29,0.6557442545890808,0.6557443094134255,5.4824344730697305e-08,7,7
4,How fast can a cat run over a short distance?,512,30,0.6255518198013306,0.625551838017483,1.8216152475325487e-08,14,14
4,How fast can a cat run over a short distance?,512,31,0.5826757550239563,0.5826757224313474,3.2592608945059e-08,28,28
4,How fast can a cat run over a short distance?,512,32,0.5869301557540894,0.5869301539243688,1.8297205972572783e-09,27,27
4,How fast can a cat run over a short distance?,512,33,0.5767529010772705,0.5767529098155791,8.738308632239011e-09,29,29
4,How fast can a cat run over a short distance?,512,34,0.6817476153373718,0.6817475160941835,9.924318833398615e-08,2,2
4,How fast can a cat run over a short distance?,512,35,0.6036429405212402,0.6036429747776876,3.425644734544875e-08,22,22
4,How fast can a cat run over a short distance?,512,36,0.5417351722717285,0.541735143140763,2.913096552870087e-08,38,38
4,How fast can a cat run over a short distance?,512,37,0.566283106803894,0.5662831903670029,8.35631088769162e-08,32,32
4,How fast can a cat run over a short distance?,512,38,0.5220863223075867,0.5220862911346968,3.1172889825015204e-08,44,44
4,How fast can a cat run over a short distance?,512,39,0.5359895825386047,0.5359896267503305,4.42117257248853e-08,40,40
4,How fast can a cat run over a short distance?,512,40,0.5373507738113403,0.5373507849960126,1.118467229943576e-08,39,39
4,How fast can a cat run over a short distance?,512,41,0.510208010673523,0.5102079994504742,1.1223048712594164e-08,45,45
4,How fast can a cat run over a short distance?,512,42,0.5671253204345703,0.5671253299776786,9.543108303589065e-09,31,31
4,How fast can a cat run over a short distance?,512,43,0.5628890991210938,0.5628890466322347,5.248885903696987e-08,33,33
4,How fast can a cat run over a short distance?,512,44,0.662413477897644,0.6624134840651322,6.167488186825665e-09,5,5
4,How fast can a cat run over a short distance?,512,45,0.5245835185050964,0.5245835189709167,4.658202712448656e-10,42,42
5,Who invented the cat flap?,512,0,0.6081321239471436,0.6081321250270335,1.0798899552355579e-09,26,26
5,Who invented the cat flap?,512,1,0.585067093372345,0.585067047859439,4.551290599952296e-08,35,35
5,Who invented the cat flap?,512,2,0.6591927409172058,0.6591927489682566,8.05105082601898e-09,8,8
5,Who invented the cat flap?,512,3,0.6310400366783142,0.6310400913510047,5.467269048597956e-08,18,18
5,Who invented the cat flap?,512,4,0.701498806476593,0.7014987253566682,8.111992477743968e-08,2,2
5,Who invented the cat flap?,512,5,0.623663067817688,0.6236630276731407,4.014454724199368e-08,21,21
5,Who invented the cat flap?,512,6,0.6475407481193542,0.6475407676550629,1.953570860635523e-08,12,12
5,Who invented the cat flap?,512,7,0.5986101031303406,0.5986100706345991,3.249574143104894e-08,29,29
5,Who invented the cat flap?,512,8,0.6321355700492859,0.6321355460984359,2.3950849969978094e-08,17,17
5,Who invented the cat flap?,512,9,0.6704521179199219,0.670452090325262,2.7594659890439743e-08,5,5
5,Who invented the cat flap?,512,10,0.6377590894699097,0.637759045547209,4.3922700698750816e-08,14,14
5,Who invented the cat flap?,512,11,0.6565055847167969,0.6565055780207478,6.69604904857124e-09,9,9
5,Who invented the cat flap?,512,12,0.5475477576255798,0.5475477504054945,7.2200853074022575e-09,42,42
5,Who invented the cat flap?,512,13,0.6906297206878662,0.6906296251907565,9.549710966449965e-08,3,3
5,Who invented the cat flap?,512,14,0.62469881772995,0.6246988037512503,1.3978699642258618e-08,20,20
5,Who invented the cat flap?,512,15,0.6485164165496826,0.6485164636568533,4.710717071976234e-08,10,10
5,Who invented the cat flap?,512,16,0.6212661266326904,0.6212661775318873,5.0899196857301376e-08,23,23
5,Who invented the cat flap?,512,17,0.7775867581367493,0.7775867967484854,3.861173614172486e-08,1,1
5,Who invented the cat flap?,512,18,0.586040198802948,0.5860401713650146,2.743793336978939e-08,34,34
5,Who invented the cat flap?,512,19,0.61851567029953,0.6185156207423345,4.955719556942739e-08,24,24
5,Who invented the cat flap?,512,20,0.6157832741737366,0.6157832265049054,4.7668831215652574e-08,25,25
5,Who invented the cat flap?,512,21,0.6415958404541016,0.6415958846502982,4.4196196591350656e-08,13,13
5,Who invented the cat flap?,512,22,0.5980055332183838,0.5980055851477192,5.192933538733513e-08,30,30
5,Who invented the cat flap?,512,23,0.6773436665534973,0.677343661133646,5.419851345500604e-09,4,4
5,Who invented the cat flap?,512,24,0.6701510548591614,0.6701510379030937,1.695606766105584e-08,7,7
5,Who invented the cat flap?,512,25,0.5327450633049011,0.5327450814020874,1.8097186305077173e-08,44,44
5,Who invented the cat flap?,512,26,0.6265642642974854,0.6265642599276838,4.369801520631711e-09,19,19
5,Who invented the cat flap?,512,27,0.582197368144989,0.5821973869150586,1.8770069609708173e-08,37,37
5,Who invented the cat flap?,512,28,0.621997594833374,0.6219975902092252,4.624148841614328e-09,22,22
5,Who invented the cat flap?,512,29,0.670354962348938,0.6703550351109778,7.27620398377482e-08,6,6
5,Who invented the cat flap?,512,30,0.6347588896751404,0.6347589308019362,4.1126795857771015e-08,15,15
5,Who invented the cat flap?,512,31,0.603279173374176,0.6032791492127485,2.4161427525370982e-08,28,28
5,Who invented the cat flap?,512,32,0.5817142128944397,0.5817142083863124,4.508127315894228e-09,38,38
5,Who invented the cat flap?,512,33,0.5895136594772339,0.5895136181549473,4.132228659248227e-08,32,32
5,Who invented the cat flap?,512,34,0.6330614686012268,0.6330613515860026,1.1701522417695287e-07,16,16
5,Who invented the cat flap?,512,35,0.5479199886322021,0.5479200717765251,8.314432298206498e-08,41,41
5,Who invented the cat flap?,512,36,0.5088828802108765,0.5088828594281829,2.0782693566090416e-08,45,45
5,Who invented the cat flap?,512,37,0.5825294852256775,0.5825294739304563,1.1295221202800576e-08,36,36
5,Who invented the cat flap?,512,38,0.5949161648750305,0.594916148620999,1.625403156513272e-08,31,31
5,Who invented the cat flap?,512,39,0.5863320827484131,0.5863321746957941,9.194738104234546e-08,33,33
5,Who invented the cat flap?,512,40,0.5531829595565796,0.5531830081235631,4.8566983545939024e-08,40,40
5,Who invented the cat flap?,512,41,0.5085583925247192,0.508558400457589,7.93286980549368e-09,46,46
5,Who invented the cat flap?,512,42,0.6046022772789001,0.6046022560348523,2.1244047854196424e-08,27,27
5,Who invented the cat flap?,512,43,0.6480120420455933,0.6480120880846443,4.603905101596695e-08,11,11
5,Who invented the cat flap?,512,44,0.5682327151298523,0.5682326939788593,2.1150992957075232e-08,39,39
5,Who invented the cat flap?,512,45,0.537922203540802,0.537922097794278,1.0574652398176454e-07,43,43
