query_id,query,dim,top_k,overlap,rank_matches,full_rank_match,mean_score_diff,max_score_diff,max_all_score_diff,boundary_gap,gap_to_2maxerr_ratio,boundary_stable
1,What is bezoar?,256,4,4,4,1,3.0395389885584656e-08,5.599655944488191e-08,5.599655944488191e-08,0.007406294345855713,66131.69111886078,1
1,What is bezoar?,256,8,8,8,1,2.203489113394852e-08,5.599655944488191e-08,5.599655944488191e-08,0.0023863613605499268,21308.10699984926,1
1,What is bezoar?,256,16,16,16,1,2.5900476319229426e-08,5.599655944488191e-08,5.599655944488191e-08,0.0003542006015777588,3162.699682704638,1
1,What is bezoar?,256,32,32,32,1,2.2254112188452302e-08,5.599655944488191e-08,5.599655944488191e-08,0.002098381519317627,18736.700434096216,1
2,Who was the first cat sent into space?,256,4,4,4,1,3.410469137654637e-08,6.480507386275036e-08,9.188390626135856e-08,0.011424541473388672,62168.348834083146,1
2,Who was the first cat sent into space?,256,8,8,8,1,3.3013159789208046e-08,6.480507386275036e-08,9.188390626135856e-08,0.0035276412963867188,19196.187014255484,1
2,Who was the first cat sent into space?,256,16,16,16,1,3.847228286640858e-08,9.188390626135856e-08,9.188390626135856e-08,0.0030193328857421875,16430.150875137297,1
2,Who was the first cat sent into space?,256,32,32,32,1,3.619793560033502e-08,9.188390626135856e-08,9.188390626135856e-08,0.0009267926216125488,5043.280479262276,1
3,Why can't cats climb down trees head first?,256,4,4,4,1,4.048373339338163e-08,9.903716746695324e-08,9.903716746695324e-08,0.0014792680740356445,7468.247082739151,1
3,Why can't cats climb down trees head first?,256,8,8,8,1,3.9016383984735725e-08,9.903716746695324e-08,9.903716746695324e-08,0.00299835205078125,15137.509116371595,1
3,Why can't cats climb down trees head first?,256,16,16,16,1,3.656186886580315e-08,9.903716746695324e-08,9.903716746695324e-08,0.001026153564453125,5180.648794279847,1
3,Why can't cats climb down trees head first?,256,32,32,32,1,2.9420326265461316e-08,9.903716746695324e-08,9.903716746695324e-08,1.5497207641601562e-05,78.23935214409619,1
4,How fast can a cat run over a short distance?,256,4,4,4,1,2.6069104264170306e-08,5.051313900494847e-08,1.1545803613177696e-07,0.004322409629821777,18718.53088202728,1
4,How fast can a cat run over a short distance?,256,8,8,8,1,2.331464887816992e-08,5.051313900494847e-08,1.1545803613177696e-07,0.00013709068298339844,593.6818586925004,1
4,How fast can a cat run over a short distance?,256,16,16,16,1,2.6184703523501884e-08,6.688401410492872e-08,1.1545803613177696e-07,0.0006641745567321777,2876.2595440915356,1
4,How fast can a cat run over a short distance?,256,32,32,32,1,2.890964866456014e-08,1.1545803613177696e-07,1.1545803613177696e-07,0.0072737932205200195,31499.726932035042,1
5,Who invented the cat flap?,256,4,4,4,1,3.3620935452338685e-08,4.178018209177736e-08,1.0196721522692798e-07,0.008894026279449463,43612.18583667217,1
5,Who invented the cat flap?,256,8,8,8,1,4.4657708184181466e-08,1.0165459685129719e-07,1.0196721522692798e-07,0.008644461631774902,42388.43638387426,1
5,Who invented the cat flap?,256,16,16,16,1,3.546385630992521e-08,1.0196721522692798e-07,1.0196721522692798e-07,0.00978165864944458,47964.723895202515,1
5,Who invented the cat flap?,256,32,32,32,1,3.179054144930582e-08,1.0196721522692798e-07,1.0196721522692798e-07,0.014000892639160156,68653.89335190324,1
